[
  [
  {
    "id": "1",
    "username": "anna123",
    "name": "Anna",
    "email": "anna@example.com",
    "age": 28,
    "gender": "Female",
    "orientation": "Straight",
    "country": "Finland",
    "region": "Uusimaa",
    "city": "Helsinki",
    "education": "Master",
    "profession": "Engineer",
    "religion": "None",
    "religionImportance": "NotImportant",
    "children": "No",
    "pets": "Yes",
    "summary": "I love hiking and coffee shops. Always up for an adventure!",
    "goals": "Find someone who shares my passion for travel.",
    "lookingFor": "LongTerm",
    "compatibility": 81,
    "photos": ["/uploads/bunny1.jpg", "/uploads/bunny2.jpg", "/uploads/bunny1.jpg"],
    "youPhoto": "/uploads/bunny2.jpg",
    "profilePhoto": "/uploads/bunny1.jpg",
    "agreeCount": 10,
    "disagreeCount": 3,
    "findOutCount": 2,
    "details": {
      "gender": "Woman",
      "orientation": "Straight",
      "relationshipStatus": "Single",
      "bodyType": "Athletic",
      "ethnicity": "Caucasian",
      "languages": ["English", "Finnish"],
      "education": "Master",
      "employment": "Engineer",
      "religion": "None",
      "smoking": "No",
      "drinking": "Socially",
      "marijuana": "No",
      "diet": "Vegetarian",
      "kids": "No",
      "pets": "Yes",
      "lookingFor": "Long-term dating"
    }
  },
  {
    "id": "2",
    "username": "pekka45",
    "name": "Pekka",
    "email": "pekka@example.com",
    "age": 35,
    "gender": "Male",
    "orientation": "Straight",
    "country": "Finland",
    "region": "Pirkanmaa",
    "city": "Tampere",
    "education": "Bachelor",
    "profession": "Teacher",
    "religion": "Christianity",
    "religionImportance": "Somewhat",
    "children": "Yes",
    "pets": "No",
    "summary": "Nature lover and basketball fan. Let's explore!",
    "goals": "Looking for friendship and more.",
    "lookingFor": "Friendship",
    "compatibility": 68,
    "photos": ["/uploads/bunny2.jpg", "/uploads/bunny1.jpg", "/uploads/bunny2.jpg"],
    "youPhoto": "/uploads/bunny1.jpg",
    "profilePhoto": "/uploads/bunny2.jpg",
    "agreeCount": 5,
    "disagreeCount": 1,
    "findOutCount": 0,
    "details": {
      "gender": "Man",
      "orientation": "Straight",
      "relationshipStatus": "Married",
      "bodyType": "Average",
      "ethnicity": "Asian",
      "languages": ["English", "Swedish"],
      "education": "Bachelor",
      "employment": "Teacher",
      "religion": "Christianity",
      "smoking": "Occasionally",
      "drinking": "No",
      "marijuana": "No",
      "diet": "Omnivore",
      "kids": "Yes",
      "pets": "No",
      "lookingFor": "Friendship"
    }
  }
],

  {
    "_id": "1",
    "name": "Bunny",
    "age": 45,
    "location": "Rayong, Thailand",
    "compatibility": 88,
    "photos": [
      "/profiles/bunny1.jpg",
      "/profiles/bunny2.jpg",
      "/profiles/bunny3.jpg"
    ],
    "youPhoto": "/profiles/your-avatar.jpg",
    "profilePhoto": "/profiles/bunny-avatar.jpg",
    "agreeCount": 6,
    "disagreeCount": 3,
    "findOutCount": 4,
    "summary": "Positive mindset, self develop …",
    "details": {
      "gender": "Woman",
      "orientation": "Straight",
      "relationshipStatus": "Monogamous (Single)",
      "bodyType": "Curvy",
      "ethnicity": "Asian",
      "languages": ["English", "Thai"],
      "education": "Undergraduate degree",
      "employment": "Employed full-time",
      "religion": "Buddhism",
      "smoking": "Doesn't smoke cigarettes",
      "drinking": "Drinks sometimes",
      "marijuana": "Never",
      "diet": "Omnivore",
      "kids": "Doesn't have, doesn't want",
      "pets": "Doesn't have",
      "lookingFor": "Men | New friends & Long-term dating"
    }
  }
]
